config_name	directories	work_dir	from_annot_dir	from_genome_dir	prefixes	from_annot_prefix	from_genome_prefix	collection_info	genus	species	gensp	genotype	gnm_ver	ann_ver	genome_key	annot_key	readme_info	provenance	source	synopsis_genome	synopsis_annot	taxid	description_genome	description_annot	bioproject	sraproject	dataset_doi_genome	dataset_doi_annot	genbank_accession	original_file_creation_date	local_file_creation_date	dataset_release_date	contributors	publication_doi	citation	publication_title	data_curators	public_access_level	license	keywords	from_to_annot_as_is	from	to	description	from_to_genome	from	to	description	from_to_cds_mrna	from	to	description	from	to	description	from_to_protein	from	to	description	from	to	description	from_to_gff	from	to	description
config_glyso.PI_562565.gnm1.ann1.yml	xxx	/usr/local/www/data/private/Glycine/liu_et_al_2020_pangenome/soja	SoyW01_asm_GWHACDY00000000	SoyW01_asm_GWHACDY00000000	xxx	GWHACDY00000000.	GWHACDY00000000.	xxx	Glycine	soja	glyso	PI_562565	gnm1	ann1	Z2VG	1JD2	xxx	"The files in this directory originated from the Genome Warehouse of the China National Center for Bioinformation, https://ngdc.cncb.ac.cn/gwh. The Genome Warehouse repository is considered the primary repository and authoritative; files in this present directory are derived, and may have changes, as noted below. The files here are held as part of the LegumeInfo and SoyBase projects, and are made available here for the purpose of reproducibility of analyses at these sites (e.g. gene family alignments and phylogenies, genome browsers, etc.) and for further use by researchers, as that research extends other analyses at the LegumeInfo and SoyBase projects. If you are conducting research on large-scale data sets for this species, please consider retrieving the data from the primary repositories. If you use the data in the present directory, please respect any usage restrictions in the present and original repositories, and cite the data appropriately."	https://ngdc.cncb.ac.cn/gwh/Genome/250/show	Genome assembly for Glycine soja accession PI_562565 (SoyW01) from the 26 accession pan-genome set of Liu, Du et al. 2020.	Gene annotations for Glycine soja accession PI_562565 (SoyW01) from the 26 accession pan-genome set of Liu, Du et al. 2020.	3848	Genome assembly for Glycine soja accession PI_562565 (SoyW01) from the 26 accession pan-genome set of Liu, Du et al. 2020. The 26 accessions were sequenced individually using single-molecule real-time (SMRT) sequencing with an average coverage depth of 96X, optical mapping with an average coverage depth of 277X, chromosome conformation capture (Hi-C) sequencing with an average coverage depth of 136X, and Illumina sequencing (HiSeq) with an average coverage depth of 68X.	Gene annotations for Glycine soja accession PI_562565 (SoyW01) from the 26 accession pan-genome set of Liu, Du et al. 2020. Annotations of the protein-coding and small RNA genes employed Augustus trained by FGENESH, transcript support based on RNA samples from roots, stems, leaves, flowers, and seeds at different developmental stages;and integration of ab initio and evidence-based results with MAKER.						"2020-04-08"	"2022-12-09"	"2022-12-12"	Yucheng Liu, Huilong Du, Haikuan Zhang, Yanting Shen, Hua Peng, Shulin Liu, Guo-An Zhou, Miao Shi, Pengcheng Li, Xuehui Huang, Yan Li, Min Zhang, Zheng Wang, Baoge Zhu, Bin Han, Chengzhi Liang, Zhixi Tian	10.1016/j.cell.2020.05.023	"Liu Y, Du H, Li P, Shen Y, Peng H, Liu S, Zhou GA, Zhang H, Liu Z, Shi M, Huang X, Li Y, Zhang M, Wang Z, Zhu B, Han B, Liang C, Tian Z. Pan-Genome of Wild and Cultivated Soybeans. Cell. 2020 Jul 9;182(1):162-176.e13. doi: 10.1016/j.cell.2020.05.023. Epub 2020 Jun 17. PMID: 32553274."	Pan-Genome of Wild and Cultivated Soybeans	Andrew Farmer, Steven Cannon	public	open	"soybean, pangenome"	xxx	feature.gz	feature.tsv	Table of original feature IDs and coordinates	xxx	genome_modID.fasta.gz	genome_main.fna	Primary genome assembly	xxx	CDS.fna.gz	cds.fna	CDS sequences	CDS_primary.fna.gz	cds_primary.fna	CDS sequences - primary only	xxx	protein.faa.gz	protein.faa	Protein sequences	protein_primary.faa.gz	protein_primary.faa	Protein sequences - primary only	xxx	modID.gff3.gz	gene_models_main.gff3	Gene models - main
config_glyso.PI_549046.gnm1.ann1.yml	xxx	/usr/local/www/data/private/Glycine/liu_et_al_2020_pangenome/soja	SoyW02_asm_GWHACDZ00000000	SoyW02_asm_GWHACDZ00000000	xxx	GWHACDZ00000000.	GWHACDZ00000000.	xxx	Glycine	soja	glyso	PI_549046	gnm1	ann1	TSLF	65KD	xxx	"The files in this directory originated from the Genome Warehouse of the China National Center for Bioinformation, https://ngdc.cncb.ac.cn/gwh. The Genome Warehouse repository is considered the primary repository and authoritative; files in this present directory are derived, and may have changes, as noted below. The files here are held as part of the LegumeInfo and SoyBase projects, and are made available here for the purpose of reproducibility of analyses at these sites (e.g. gene family alignments and phylogenies, genome browsers, etc.) and for further use by researchers, as that research extends other analyses at the LegumeInfo and SoyBase projects. If you are conducting research on large-scale data sets for this species, please consider retrieving the data from the primary repositories. If you use the data in the present directory, please respect any usage restrictions in the present and original repositories, and cite the data appropriately."	https://ngdc.cncb.ac.cn/gwh/Genome/250/show	Genome assembly for Glycine soja accession PI_549046 (SoyW02) from Liu, Du et al. 2020.	Gene annotations for Glycine soja accession PI_549046 (SoyW02) from Liu, Du et al. 2020.	3848	Genome assembly for Glycine soja accession PI_549046 (SoyW02) from Liu, Du et al. 2020. The 26 accessions were sequenced individually using single-molecule real-time (SMRT) sequencing with an average coverage depth of 96X, optical mapping with an average coverage depth of 277X, chromosome conformation capture (Hi-C) sequencing with an average coverage depth of 136X, and Illumina sequencing (HiSeq) with an average coverage depth of 68X.	Gene annotations for Glycine soja accession PI_549046 (SoyW02) from Liu, Du et al. 2020. Annotations of the protein-coding and small RNA genes employed Augustus trained by FGENESH, transcript support based on RNA samples from roots, stems, leaves, flowers, and seeds at different developmental stages;and integration of ab initio and evidence-based results with MAKER.						"2020-04-08"	"2022-12-09"	"2022-12-12"	Yucheng Liu, Huilong Du, Haikuan Zhang, Yanting Shen, Hua Peng, Shulin Liu, Guo-An Zhou, Miao Shi, Pengcheng Li, Xuehui Huang, Yan Li, Min Zhang, Zheng Wang, Baoge Zhu, Bin Han, Chengzhi Liang, Zhixi Tian	10.1016/j.cell.2020.05.023	"Liu Y, Du H, Li P, Shen Y, Peng H, Liu S, Zhou GA, Zhang H, Liu Z, Shi M, Huang X, Li Y, Zhang M, Wang Z, Zhu B, Han B, Liang C, Tian Z. Pan-Genome of Wild and Cultivated Soybeans. Cell. 2020 Jul 9;182(1):162-176.e13. doi: 10.1016/j.cell.2020.05.023. Epub 2020 Jun 17. PMID: 32553274."		Andrew Farmer, Steven Cannon	public	open	"soybean, pangenome"	xxx	feature.gz	feature.tsv	Table of original feature IDs and coordinates	xxx	genome_modID.fasta.gz	genome_main.fna	Primary genome assembly	xxx	CDS.fna.gz	cds.fna	CDS sequences	CDS_primary.fna.gz	cds_primary.fna	CDS sequences - primary only	xxx	protein.faa.gz	protein.faa	Protein sequences	protein_primary.faa.gz	protein_primary.faa	Protein sequences - primary only	xxx	modID.gff3.gz	gene_models_main.gff3	Gene models - main
config_glyso.PI_578357.gnm1.ann1.yml	xxx	/usr/local/www/data/private/Glycine/liu_et_al_2020_pangenome/soja	SoyW03_asm_GWHACEA00000000	SoyW03_asm_GWHACEA00000000	xxx	GWHACEA00000000.	GWHACEA00000000.	xxx	Glycine	soja	glyso	PI_578357	gnm1	ann1	1XT1	0ZKP	xxx	"The files in this directory originated from the Genome Warehouse of the China National Center for Bioinformation, https://ngdc.cncb.ac.cn/gwh. The Genome Warehouse repository is considered the primary repository and authoritative; files in this present directory are derived, and may have changes, as noted below. The files here are held as part of the LegumeInfo and SoyBase projects, and are made available here for the purpose of reproducibility of analyses at these sites (e.g. gene family alignments and phylogenies, genome browsers, etc.) and for further use by researchers, as that research extends other analyses at the LegumeInfo and SoyBase projects. If you are conducting research on large-scale data sets for this species, please consider retrieving the data from the primary repositories. If you use the data in the present directory, please respect any usage restrictions in the present and original repositories, and cite the data appropriately."	https://ngdc.cncb.ac.cn/gwh/Genome/250/show	Genome assembly for Glycine soja accession PI_578357 (SoyW03) from Liu, Du et al. 2020.	Gene annotations for Glycine soja accession PI_578357 (SoyW03) from Liu, Du et al. 2020.	3848	Genome assembly for Glycine soja accession PI_578357 (SoyW03) from Liu, Du et al. 2020. The 26 accessions were sequenced individually using single-molecule real-time (SMRT) sequencing with an average coverage depth of 96X, optical mapping with an average coverage depth of 277X, chromosome conformation capture (Hi-C) sequencing with an average coverage depth of 136X, and Illumina sequencing (HiSeq) with an average coverage depth of 68X.	Gene annotations for Glycine soja accession PI_578357 (SoyW03) from Liu, Du et al. 2020. Annotations of the protein-coding and small RNA genes employed Augustus trained by FGENESH, transcript support based on RNA samples from roots, stems, leaves, flowers, and seeds at different developmental stages;and integration of ab initio and evidence-based results with MAKER.						"2020-04-08"	"2022-12-09"	"2022-12-12"	Yucheng Liu, Huilong Du, Haikuan Zhang, Yanting Shen, Hua Peng, Shulin Liu, Guo-An Zhou, Miao Shi, Pengcheng Li, Xuehui Huang, Yan Li, Min Zhang, Zheng Wang, Baoge Zhu, Bin Han, Chengzhi Liang, Zhixi Tian	10.1016/j.cell.2020.05.023	"Liu Y, Du H, Li P, Shen Y, Peng H, Liu S, Zhou GA, Zhang H, Liu Z, Shi M, Huang X, Li Y, Zhang M, Wang Z, Zhu B, Han B, Liang C, Tian Z. Pan-Genome of Wild and Cultivated Soybeans. Cell. 2020 Jul 9;182(1):162-176.e13. doi: 10.1016/j.cell.2020.05.023. Epub 2020 Jun 17. PMID: 32553274."	"Pan-Genome of Wild and Cultivated Soybeans"	Andrew Farmer, Steven Cannon	public	open	"soybean, pangenome"	xxx	feature.gz	feature.tsv	Table of original feature IDs and coordinates	xxx	genome_modID.fasta.gz	genome_main.fna	Primary genome assembly	xxx	CDS.fna.gz	cds.fna	CDS sequences	CDS_primary.fna.gz	cds_primary.fna	CDS sequences - primary only	xxx	protein.faa.gz	protein.faa	Protein sequences	protein_primary.faa.gz	protein_primary.faa	Protein sequences - primary only	xxx	modID.gff3.gz	gene_models_main.gff3	Gene models - main
config_glyma.Zhutwinning2.gnm1.ann1.yml	xxx	/usr/local/www/data/private/Glycine/liu_et_al_2020_pangenome/max	SoyL01_asm_GWHACEB00000000	SoyL01_asm_GWHACEB00000000	xxx	GWHACEB00000000.	GWHACEB00000000.	xxx	Glycine	max	glyma	Zhutwinning2	gnm1	ann1	GR6N	ZTTQ	xxx	"The files in this directory originated from the Genome Warehouse of the China National Center for Bioinformation, https://ngdc.cncb.ac.cn/gwh. The Genome Warehouse repository is considered the primary repository and authoritative; files in this present directory are derived, and may have changes, as noted below. The files here are held as part of the LegumeInfo and SoyBase projects, and are made available here for the purpose of reproducibility of analyses at these sites (e.g. gene family alignments and phylogenies, genome browsers, etc.) and for further use by researchers, as that research extends other analyses at the LegumeInfo and SoyBase projects. If you are conducting research on large-scale data sets for this species, please consider retrieving the data from the primary repositories. If you use the data in the present directory, please respect any usage restrictions in the present and original repositories, and cite the data appropriately."	https://ngdc.cncb.ac.cn/gwh/Genome/43/show	Genome assembly for Glycine max accession Zhutwinning2 (SoyL01) from Liu, Du et al. 2020.	Gene annotations for Glycine max accession Zhutwinning2 (SoyL01) from Liu, Du et al. 2020.	3847	Genome assembly for Glycine max accession Zhutwinning2 (SoyL01) from Liu, Du et al. 2020. The 26 accessions were sequenced individually using single-molecule real-time (SMRT) sequencing with an average coverage depth of 96X, optical mapping with an average coverage depth of 277X, chromosome conformation capture (Hi-C) sequencing with an average coverage depth of 136X, and Illumina sequencing (HiSeq) with an average coverage depth of 68X.	Gene annotations for Glycine max accession Zhutwinning2 (SoyL01) from Liu, Du et al. 2020. Annotations of the protein-coding and small RNA genes employed Augustus trained by FGENESH, transcript support based on RNA samples from roots, stems, leaves, flowers, and seeds at different developmental stages;and integration of ab initio and evidence-based results with MAKER.						"2020-04-08"	"2022-12-09"	"2022-12-12"	Yucheng Liu, Huilong Du, Haikuan Zhang, Yanting Shen, Hua Peng, Shulin Liu, Guo-An Zhou, Miao Shi, Pengcheng Li, Xuehui Huang, Yan Li, Min Zhang, Zheng Wang, Baoge Zhu, Bin Han, Chengzhi Liang, Zhixi Tian	10.1016/j.cell.2020.05.023	"Liu Y, Du H, Li P, Shen Y, Peng H, Liu S, Zhou GA, Zhang H, Liu Z, Shi M, Huang X, Li Y, Zhang M, Wang Z, Zhu B, Han B, Liang C, Tian Z. Pan-Genome of Wild and Cultivated Soybeans. Cell. 2020 Jul 9;182(1):162-176.e13. doi: 10.1016/j.cell.2020.05.023. Epub 2020 Jun 17. PMID: 32553274."	"Pan-Genome of Wild and Cultivated Soybeans"	Andrew Farmer, Steven Cannon	public	open	"soybean, pangenome"	xxx	feature.gz	feature.tsv	Table of original feature IDs and coordinates	xxx	genome_modID.fasta.gz	genome_main.fna	Primary genome assembly	xxx	CDS.fna.gz	cds.fna	CDS sequences	CDS_primary.fna.gz	cds_primary.fna	CDS sequences - primary only	xxx	protein.faa.gz	protein.faa	Protein sequences	protein_primary.faa.gz	protein_primary.faa	Protein sequences - primary only	xxx	modID.gff3.gz	gene_models_main.gff3	Gene models - main
config_glyma.ZiHuaNo_4.gnm1.ann1.yml	xxx	/usr/local/www/data/private/Glycine/liu_et_al_2020_pangenome/max	SoyL02_asm_GWHACEC00000000	SoyL02_asm_GWHACEC00000000	xxx	GWHACEC00000000.	GWHACEC00000000.	xxx	Glycine	max	glyma	ZiHuaNo_4	gnm1	ann1	HN60	FCFQ	xxx	"The files in this directory originated from the Genome Warehouse of the China National Center for Bioinformation, https://ngdc.cncb.ac.cn/gwh. The Genome Warehouse repository is considered the primary repository and authoritative; files in this present directory are derived, and may have changes, as noted below. The files here are held as part of the LegumeInfo and SoyBase projects, and are made available here for the purpose of reproducibility of analyses at these sites (e.g. gene family alignments and phylogenies, genome browsers, etc.) and for further use by researchers, as that research extends other analyses at the LegumeInfo and SoyBase projects. If you are conducting research on large-scale data sets for this species, please consider retrieving the data from the primary repositories. If you use the data in the present directory, please respect any usage restrictions in the present and original repositories, and cite the data appropriately."	https://ngdc.cncb.ac.cn/gwh/Genome/43/show	Genome assembly for Glycine max accession ZiHuaNo_4 (SoyL02) from Liu, Du et al. 2020.	Gene annotations for Glycine max accession ZiHuaNo_4 (SoyL02) from Liu, Du et al. 2020.	3847	Genome assembly for Glycine max accession ZiHuaNo_4 (SoyL02) from Liu, Du et al. 2020. The 26 accessions were sequenced individually using single-molecule real-time (SMRT) sequencing with an average coverage depth of 96X, optical mapping with an average coverage depth of 277X, chromosome conformation capture (Hi-C) sequencing with an average coverage depth of 136X, and Illumina sequencing (HiSeq) with an average coverage depth of 68X.	Gene annotations for Glycine max accession ZiHuaNo_4 (SoyL02) from Liu, Du et al. 2020. Annotations of the protein-coding and small RNA genes employed Augustus trained by FGENESH, transcript support based on RNA samples from roots, stems, leaves, flowers, and seeds at different developmental stages;and integration of ab initio and evidence-based results with MAKER.						"2020-04-08"	"2022-12-09"	"2022-12-12"	Yucheng Liu, Huilong Du, Haikuan Zhang, Yanting Shen, Hua Peng, Shulin Liu, Guo-An Zhou, Miao Shi, Pengcheng Li, Xuehui Huang, Yan Li, Min Zhang, Zheng Wang, Baoge Zhu, Bin Han, Chengzhi Liang, Zhixi Tian	10.1016/j.cell.2020.05.023	"Liu Y, Du H, Li P, Shen Y, Peng H, Liu S, Zhou GA, Zhang H, Liu Z, Shi M, Huang X, Li Y, Zhang M, Wang Z, Zhu B, Han B, Liang C, Tian Z. Pan-Genome of Wild and Cultivated Soybeans. Cell. 2020 Jul 9;182(1):162-176.e13. doi: 10.1016/j.cell.2020.05.023. Epub 2020 Jun 17. PMID: 32553274."	"Pan-Genome of Wild and Cultivated Soybeans"	Andrew Farmer, Steven Cannon	public	open	"soybean, pangenome"	xxx	feature.gz	feature.tsv	Table of original feature IDs and coordinates	xxx	genome_modID.fasta.gz	genome_main.fna	Primary genome assembly	xxx	CDS.fna.gz	cds.fna	CDS sequences	CDS_primary.fna.gz	cds_primary.fna	CDS sequences - primary only	xxx	protein.faa.gz	protein.faa	Protein sequences	protein_primary.faa.gz	protein_primary.faa	Protein sequences - primary only	xxx	modID.gff3.gz	gene_models_main.gff3	Gene models - main
config_glyma.TongShanTianEDan.gnm1.ann1.yml	xxx	/usr/local/www/data/private/Glycine/liu_et_al_2020_pangenome/max	SoyL03_asm_GWHACED00000000	SoyL03_asm_GWHACED00000000	xxx	GWHACED00000000.	GWHACED00000000.	xxx	Glycine	max	glyma	TongShanTianEDan	gnm1	ann1	B4R6	56XW	xxx	"The files in this directory originated from the Genome Warehouse of the China National Center for Bioinformation, https://ngdc.cncb.ac.cn/gwh. The Genome Warehouse repository is considered the primary repository and authoritative; files in this present directory are derived, and may have changes, as noted below. The files here are held as part of the LegumeInfo and SoyBase projects, and are made available here for the purpose of reproducibility of analyses at these sites (e.g. gene family alignments and phylogenies, genome browsers, etc.) and for further use by researchers, as that research extends other analyses at the LegumeInfo and SoyBase projects. If you are conducting research on large-scale data sets for this species, please consider retrieving the data from the primary repositories. If you use the data in the present directory, please respect any usage restrictions in the present and original repositories, and cite the data appropriately."	https://ngdc.cncb.ac.cn/gwh/Genome/43/show	Genome assembly for Glycine max accession TongShanTianEDan (SoyL03) from Liu, Du et al. 2020.	Gene annotations for Glycine max accession TongShanTianEDan (SoyL03) from Liu, Du et al. 2020.	3847	Genome assembly for Glycine max accession TongShanTianEDan (SoyL03) from Liu, Du et al. 2020. The 26 accessions were sequenced individually using single-molecule real-time (SMRT) sequencing with an average coverage depth of 96X, optical mapping with an average coverage depth of 277X, chromosome conformation capture (Hi-C) sequencing with an average coverage depth of 136X, and Illumina sequencing (HiSeq) with an average coverage depth of 68X.	Gene annotations for Glycine max accession TongShanTianEDan (SoyL03) from Liu, Du et al. 2020. Annotations of the protein-coding and small RNA genes employed Augustus trained by FGENESH, transcript support based on RNA samples from roots, stems, leaves, flowers, and seeds at different developmental stages;and integration of ab initio and evidence-based results with MAKER.						"2020-04-08"	"2022-12-09"	"2022-12-12"	Yucheng Liu, Huilong Du, Haikuan Zhang, Yanting Shen, Hua Peng, Shulin Liu, Guo-An Zhou, Miao Shi, Pengcheng Li, Xuehui Huang, Yan Li, Min Zhang, Zheng Wang, Baoge Zhu, Bin Han, Chengzhi Liang, Zhixi Tian	10.1016/j.cell.2020.05.023	"Liu Y, Du H, Li P, Shen Y, Peng H, Liu S, Zhou GA, Zhang H, Liu Z, Shi M, Huang X, Li Y, Zhang M, Wang Z, Zhu B, Han B, Liang C, Tian Z. Pan-Genome of Wild and Cultivated Soybeans. Cell. 2020 Jul 9;182(1):162-176.e13. doi: 10.1016/j.cell.2020.05.023. Epub 2020 Jun 17. PMID: 32553274."	"Pan-Genome of Wild and Cultivated Soybeans"	Andrew Farmer, Steven Cannon	public	open	"soybean, pangenome"	xxx	feature.gz	feature.tsv	Table of original feature IDs and coordinates	xxx	genome_modID.fasta.gz	genome_main.fna	Primary genome assembly	xxx	CDS.fna.gz	cds.fna	CDS sequences	CDS_primary.fna.gz	cds_primary.fna	CDS sequences - primary only	xxx	protein.faa.gz	protein.faa	Protein sequences	protein_primary.faa.gz	protein_primary.faa	Protein sequences - primary only	xxx	modID.gff3.gz	gene_models_main.gff3	Gene models - main
config_glyma.58-161.gnm1.ann1.yml	xxx	/usr/local/www/data/private/Glycine/liu_et_al_2020_pangenome/max	SoyL04_asm_GWHACEE00000000	SoyL04_asm_GWHACEE00000000	xxx	GWHACEE00000000.	GWHACEE00000000.	xxx	Glycine	max	glyma	58-161	gnm1	ann1	BW8J	HJ1K	xxx	"The files in this directory originated from the Genome Warehouse of the China National Center for Bioinformation, https://ngdc.cncb.ac.cn/gwh. The Genome Warehouse repository is considered the primary repository and authoritative; files in this present directory are derived, and may have changes, as noted below. The files here are held as part of the LegumeInfo and SoyBase projects, and are made available here for the purpose of reproducibility of analyses at these sites (e.g. gene family alignments and phylogenies, genome browsers, etc.) and for further use by researchers, as that research extends other analyses at the LegumeInfo and SoyBase projects. If you are conducting research on large-scale data sets for this species, please consider retrieving the data from the primary repositories. If you use the data in the present directory, please respect any usage restrictions in the present and original repositories, and cite the data appropriately."	https://ngdc.cncb.ac.cn/gwh/Genome/43/show	Genome assembly for Glycine max accession 58-161 (SoyL04) from Liu, Du et al. 2020.	Gene annotations for Glycine max accession 58-161 (SoyL04) from Liu, Du et al. 2020.	3847	Genome assembly for Glycine max accession 58-161 (SoyL04) from Liu, Du et al. 2020. The 26 accessions were sequenced individually using single-molecule real-time (SMRT) sequencing with an average coverage depth of 96X, optical mapping with an average coverage depth of 277X, chromosome conformation capture (Hi-C) sequencing with an average coverage depth of 136X, and Illumina sequencing (HiSeq) with an average coverage depth of 68X.	Gene annotations for Glycine max accession 58-161 (SoyL04) from Liu, Du et al. 2020. Annotations of the protein-coding and small RNA genes employed Augustus trained by FGENESH, transcript support based on RNA samples from roots, stems, leaves, flowers, and seeds at different developmental stages;and integration of ab initio and evidence-based results with MAKER.						"2020-04-08"	"2022-12-09"	"2022-12-12"	Yucheng Liu, Huilong Du, Haikuan Zhang, Yanting Shen, Hua Peng, Shulin Liu, Guo-An Zhou, Miao Shi, Pengcheng Li, Xuehui Huang, Yan Li, Min Zhang, Zheng Wang, Baoge Zhu, Bin Han, Chengzhi Liang, Zhixi Tian	10.1016/j.cell.2020.05.023	"Liu Y, Du H, Li P, Shen Y, Peng H, Liu S, Zhou GA, Zhang H, Liu Z, Shi M, Huang X, Li Y, Zhang M, Wang Z, Zhu B, Han B, Liang C, Tian Z. Pan-Genome of Wild and Cultivated Soybeans. Cell. 2020 Jul 9;182(1):162-176.e13. doi: 10.1016/j.cell.2020.05.023. Epub 2020 Jun 17. PMID: 32553274."	"Pan-Genome of Wild and Cultivated Soybeans"	Andrew Farmer, Steven Cannon	public	open	"soybean, pangenome"	xxx	feature.gz	feature.tsv	Table of original feature IDs and coordinates	xxx	genome_modID.fasta.gz	genome_main.fna	Primary genome assembly	xxx	CDS.fna.gz	cds.fna	CDS sequences	CDS_primary.fna.gz	cds_primary.fna	CDS sequences - primary only	xxx	protein.faa.gz	protein.faa	Protein sequences	protein_primary.faa.gz	protein_primary.faa	Protein sequences - primary only	xxx	modID.gff3.gz	gene_models_main.gff3	Gene models - main
config_glyma.PI_398296.gnm1.ann1.yml	xxx	/usr/local/www/data/private/Glycine/liu_et_al_2020_pangenome/max	SoyL05_asm_GWHACEF00000000	SoyL05_asm_GWHACEF00000000	xxx	GWHACEF00000000.	GWHACEF00000000.	xxx	Glycine	max	glyma	PI_398296	gnm1	ann1	D07C	B0XR	xxx	"The files in this directory originated from the Genome Warehouse of the China National Center for Bioinformation, https://ngdc.cncb.ac.cn/gwh. The Genome Warehouse repository is considered the primary repository and authoritative; files in this present directory are derived, and may have changes, as noted below. The files here are held as part of the LegumeInfo and SoyBase projects, and are made available here for the purpose of reproducibility of analyses at these sites (e.g. gene family alignments and phylogenies, genome browsers, etc.) and for further use by researchers, as that research extends other analyses at the LegumeInfo and SoyBase projects. If you are conducting research on large-scale data sets for this species, please consider retrieving the data from the primary repositories. If you use the data in the present directory, please respect any usage restrictions in the present and original repositories, and cite the data appropriately."	https://ngdc.cncb.ac.cn/gwh/Genome/43/show	Genome assembly for Glycine max accession PI_398296 (SoyL05) from Liu, Du et al. 2020.	Gene annotations for Glycine max accession PI_398296 (SoyL05) from Liu, Du et al. 2020.	3847	Genome assembly for Glycine max accession PI_398296 (SoyL05) from Liu, Du et al. 2020. The 26 accessions were sequenced individually using single-molecule real-time (SMRT) sequencing with an average coverage depth of 96X, optical mapping with an average coverage depth of 277X, chromosome conformation capture (Hi-C) sequencing with an average coverage depth of 136X, and Illumina sequencing (HiSeq) with an average coverage depth of 68X.	Gene annotations for Glycine max accession PI_398296 (SoyL05) from Liu, Du et al. 2020. Annotations of the protein-coding and small RNA genes employed Augustus trained by FGENESH, transcript support based on RNA samples from roots, stems, leaves, flowers, and seeds at different developmental stages;and integration of ab initio and evidence-based results with MAKER.						"2020-04-08"	"2022-12-09"	"2022-12-12"	Yucheng Liu, Huilong Du, Haikuan Zhang, Yanting Shen, Hua Peng, Shulin Liu, Guo-An Zhou, Miao Shi, Pengcheng Li, Xuehui Huang, Yan Li, Min Zhang, Zheng Wang, Baoge Zhu, Bin Han, Chengzhi Liang, Zhixi Tian	10.1016/j.cell.2020.05.023	"Liu Y, Du H, Li P, Shen Y, Peng H, Liu S, Zhou GA, Zhang H, Liu Z, Shi M, Huang X, Li Y, Zhang M, Wang Z, Zhu B, Han B, Liang C, Tian Z. Pan-Genome of Wild and Cultivated Soybeans. Cell. 2020 Jul 9;182(1):162-176.e13. doi: 10.1016/j.cell.2020.05.023. Epub 2020 Jun 17. PMID: 32553274."	"Pan-Genome of Wild and Cultivated Soybeans"	Andrew Farmer, Steven Cannon	public	open	"soybean, pangenome"	xxx	feature.gz	feature.tsv	Table of original feature IDs and coordinates	xxx	genome_modID.fasta.gz	genome_main.fna	Primary genome assembly	xxx	CDS.fna.gz	cds.fna	CDS sequences	CDS_primary.fna.gz	cds_primary.fna	CDS sequences - primary only	xxx	protein.faa.gz	protein.faa	Protein sequences	protein_primary.faa.gz	protein_primary.faa	Protein sequences - primary only	xxx	modID.gff3.gz	gene_models_main.gff3	Gene models - main
config_glyma.ZhangChunManCangJin.gnm1.ann1.yml	xxx	/usr/local/www/data/private/Glycine/liu_et_al_2020_pangenome/max	SoyL06_asm_GWHACEG00000000	SoyL06_asm_GWHACEG00000000	xxx	GWHACEG00000000.	GWHACEG00000000.	xxx	Glycine	max	glyma	ZhangChunManCangJin	gnm1	ann1	FC4Q	7HPB	xxx	"The files in this directory originated from the Genome Warehouse of the China National Center for Bioinformation, https://ngdc.cncb.ac.cn/gwh. The Genome Warehouse repository is considered the primary repository and authoritative; files in this present directory are derived, and may have changes, as noted below. The files here are held as part of the LegumeInfo and SoyBase projects, and are made available here for the purpose of reproducibility of analyses at these sites (e.g. gene family alignments and phylogenies, genome browsers, etc.) and for further use by researchers, as that research extends other analyses at the LegumeInfo and SoyBase projects. If you are conducting research on large-scale data sets for this species, please consider retrieving the data from the primary repositories. If you use the data in the present directory, please respect any usage restrictions in the present and original repositories, and cite the data appropriately."	https://ngdc.cncb.ac.cn/gwh/Genome/43/show	Genome assembly for Glycine max accession ZhangChunManCangJin (SoyL06) from Liu, Du et al. 2020.	Gene annotations for Glycine max accession ZhangChunManCangJin (SoyL06) from Liu, Du et al. 2020.	3847	Genome assembly for Glycine max accession ZhangChunManCangJin (SoyL06) from Liu, Du et al. 2020. The 26 accessions were sequenced individually using single-molecule real-time (SMRT) sequencing with an average coverage depth of 96X, optical mapping with an average coverage depth of 277X, chromosome conformation capture (Hi-C) sequencing with an average coverage depth of 136X, and Illumina sequencing (HiSeq) with an average coverage depth of 68X.	Gene annotations for Glycine max accession ZhangChunManCangJin (SoyL06) from Liu, Du et al. 2020. Annotations of the protein-coding and small RNA genes employed Augustus trained by FGENESH, transcript support based on RNA samples from roots, stems, leaves, flowers, and seeds at different developmental stages;and integration of ab initio and evidence-based results with MAKER.						"2020-04-08"	"2022-12-09"	"2022-12-12"	Yucheng Liu, Huilong Du, Haikuan Zhang, Yanting Shen, Hua Peng, Shulin Liu, Guo-An Zhou, Miao Shi, Pengcheng Li, Xuehui Huang, Yan Li, Min Zhang, Zheng Wang, Baoge Zhu, Bin Han, Chengzhi Liang, Zhixi Tian	10.1016/j.cell.2020.05.023	"Liu Y, Du H, Li P, Shen Y, Peng H, Liu S, Zhou GA, Zhang H, Liu Z, Shi M, Huang X, Li Y, Zhang M, Wang Z, Zhu B, Han B, Liang C, Tian Z. Pan-Genome of Wild and Cultivated Soybeans. Cell. 2020 Jul 9;182(1):162-176.e13. doi: 10.1016/j.cell.2020.05.023. Epub 2020 Jun 17. PMID: 32553274."	"Pan-Genome of Wild and Cultivated Soybeans"	Andrew Farmer, Steven Cannon	public	open	"soybean, pangenome"	xxx	feature.gz	feature.tsv	Table of original feature IDs and coordinates	xxx	genome_modID.fasta.gz	genome_main.fna	Primary genome assembly	xxx	CDS.fna.gz	cds.fna	CDS sequences	CDS_primary.fna.gz	cds_primary.fna	CDS sequences - primary only	xxx	protein.faa.gz	protein.faa	Protein sequences	protein_primary.faa.gz	protein_primary.faa	Protein sequences - primary only	xxx	modID.gff3.gz	gene_models_main.gff3	Gene models - main
config_glyma.FengDiHuang.gnm1.ann1.yml	xxx	/usr/local/www/data/private/Glycine/liu_et_al_2020_pangenome/max	SoyL07_asm_GWHACEH00000000	SoyL07_asm_GWHACEH00000000	xxx	GWHACEH00000000.	GWHACEH00000000.	xxx	Glycine	max	glyma	FengDiHuang	gnm1	ann1	YYLM	P6HL	xxx	"The files in this directory originated from the Genome Warehouse of the China National Center for Bioinformation, https://ngdc.cncb.ac.cn/gwh. The Genome Warehouse repository is considered the primary repository and authoritative; files in this present directory are derived, and may have changes, as noted below. The files here are held as part of the LegumeInfo and SoyBase projects, and are made available here for the purpose of reproducibility of analyses at these sites (e.g. gene family alignments and phylogenies, genome browsers, etc.) and for further use by researchers, as that research extends other analyses at the LegumeInfo and SoyBase projects. If you are conducting research on large-scale data sets for this species, please consider retrieving the data from the primary repositories. If you use the data in the present directory, please respect any usage restrictions in the present and original repositories, and cite the data appropriately."	https://ngdc.cncb.ac.cn/gwh/Genome/43/show	Genome assembly for Glycine max accession FengDiHuang (SoyL07) from Liu, Du et al. 2020.	Gene annotations for Glycine max accession FengDiHuang (SoyL07) from Liu, Du et al. 2020.	3847	Genome assembly for Glycine max accession FengDiHuang (SoyL07) from Liu, Du et al. 2020. The 26 accessions were sequenced individually using single-molecule real-time (SMRT) sequencing with an average coverage depth of 96X, optical mapping with an average coverage depth of 277X, chromosome conformation capture (Hi-C) sequencing with an average coverage depth of 136X, and Illumina sequencing (HiSeq) with an average coverage depth of 68X.	Gene annotations for Glycine max accession FengDiHuang (SoyL07) from Liu, Du et al. 2020. Annotations of the protein-coding and small RNA genes employed Augustus trained by FGENESH, transcript support based on RNA samples from roots, stems, leaves, flowers, and seeds at different developmental stages;and integration of ab initio and evidence-based results with MAKER.						"2020-04-08"	"2022-12-09"	"2022-12-12"	Yucheng Liu, Huilong Du, Haikuan Zhang, Yanting Shen, Hua Peng, Shulin Liu, Guo-An Zhou, Miao Shi, Pengcheng Li, Xuehui Huang, Yan Li, Min Zhang, Zheng Wang, Baoge Zhu, Bin Han, Chengzhi Liang, Zhixi Tian	10.1016/j.cell.2020.05.023	"Liu Y, Du H, Li P, Shen Y, Peng H, Liu S, Zhou GA, Zhang H, Liu Z, Shi M, Huang X, Li Y, Zhang M, Wang Z, Zhu B, Han B, Liang C, Tian Z. Pan-Genome of Wild and Cultivated Soybeans. Cell. 2020 Jul 9;182(1):162-176.e13. doi: 10.1016/j.cell.2020.05.023. Epub 2020 Jun 17. PMID: 32553274."	"Pan-Genome of Wild and Cultivated Soybeans"	Andrew Farmer, Steven Cannon	public	open	"soybean, pangenome"	xxx	feature.gz	feature.tsv	Table of original feature IDs and coordinates	xxx	genome_modID.fasta.gz	genome_main.fna	Primary genome assembly	xxx	CDS.fna.gz	cds.fna	CDS sequences	CDS_primary.fna.gz	cds_primary.fna	CDS sequences - primary only	xxx	protein.faa.gz	protein.faa	Protein sequences	protein_primary.faa.gz	protein_primary.faa	Protein sequences - primary only	xxx	modID.gff3.gz	gene_models_main.gff3	Gene models - main
config_glyma.TieJiaSiLiHuang.gnm1.ann1.yml	xxx	/usr/local/www/data/private/Glycine/liu_et_al_2020_pangenome/max	SoyL08_asm_GWHACEI00000000	SoyL08_asm_GWHACEI00000000	xxx	GWHACEI00000000.	GWHACEI00000000.	xxx	Glycine	max	glyma	TieJiaSiLiHuang	gnm1	ann1	W9PV	W70Z	xxx	"The files in this directory originated from the Genome Warehouse of the China National Center for Bioinformation, https://ngdc.cncb.ac.cn/gwh. The Genome Warehouse repository is considered the primary repository and authoritative; files in this present directory are derived, and may have changes, as noted below. The files here are held as part of the LegumeInfo and SoyBase projects, and are made available here for the purpose of reproducibility of analyses at these sites (e.g. gene family alignments and phylogenies, genome browsers, etc.) and for further use by researchers, as that research extends other analyses at the LegumeInfo and SoyBase projects. If you are conducting research on large-scale data sets for this species, please consider retrieving the data from the primary repositories. If you use the data in the present directory, please respect any usage restrictions in the present and original repositories, and cite the data appropriately."	https://ngdc.cncb.ac.cn/gwh/Genome/43/show	Genome assembly for Glycine max accession TieJiaSiLiHuang (SoyL08) from Liu, Du et al. 2020.	Gene annotations for Glycine max accession TieJiaSiLiHuang (SoyL08) from Liu, Du et al. 2020.	3847	Genome assembly for Glycine max accession TieJiaSiLiHuang (SoyL08) from Liu, Du et al. 2020. The 26 accessions were sequenced individually using single-molecule real-time (SMRT) sequencing with an average coverage depth of 96X, optical mapping with an average coverage depth of 277X, chromosome conformation capture (Hi-C) sequencing with an average coverage depth of 136X, and Illumina sequencing (HiSeq) with an average coverage depth of 68X.	Gene annotations for Glycine max accession TieJiaSiLiHuang (SoyL08) from Liu, Du et al. 2020. Annotations of the protein-coding and small RNA genes employed Augustus trained by FGENESH, transcript support based on RNA samples from roots, stems, leaves, flowers, and seeds at different developmental stages;and integration of ab initio and evidence-based results with MAKER.						"2020-04-08"	"2022-12-09"	"2022-12-12"	Yucheng Liu, Huilong Du, Haikuan Zhang, Yanting Shen, Hua Peng, Shulin Liu, Guo-An Zhou, Miao Shi, Pengcheng Li, Xuehui Huang, Yan Li, Min Zhang, Zheng Wang, Baoge Zhu, Bin Han, Chengzhi Liang, Zhixi Tian	10.1016/j.cell.2020.05.023	"Liu Y, Du H, Li P, Shen Y, Peng H, Liu S, Zhou GA, Zhang H, Liu Z, Shi M, Huang X, Li Y, Zhang M, Wang Z, Zhu B, Han B, Liang C, Tian Z. Pan-Genome of Wild and Cultivated Soybeans. Cell. 2020 Jul 9;182(1):162-176.e13. doi: 10.1016/j.cell.2020.05.023. Epub 2020 Jun 17. PMID: 32553274."	"Pan-Genome of Wild and Cultivated Soybeans"	Andrew Farmer, Steven Cannon	public	open	"soybean, pangenome"	xxx	feature.gz	feature.tsv	Table of original feature IDs and coordinates	xxx	genome_modID.fasta.gz	genome_main.fna	Primary genome assembly	xxx	CDS.fna.gz	cds.fna	CDS sequences	CDS_primary.fna.gz	cds_primary.fna	CDS sequences - primary only	xxx	protein.faa.gz	protein.faa	Protein sequences	protein_primary.faa.gz	protein_primary.faa	Protein sequences - primary only	xxx	modID.gff3.gz	gene_models_main.gff3	Gene models - main
config_glyma.ShiShengChangYe.gnm1.ann1.yml	xxx	/usr/local/www/data/private/Glycine/liu_et_al_2020_pangenome/max	SoyL09_asm_GWHACEJ00000000	SoyL09_asm_GWHACEJ00000000	xxx	GWHACEJ00000000.	GWHACEJ00000000.	xxx	Glycine	max	glyma	ShiShengChangYe	gnm1	ann1	MC01	VLGS	xxx	"The files in this directory originated from the Genome Warehouse of the China National Center for Bioinformation, https://ngdc.cncb.ac.cn/gwh. The Genome Warehouse repository is considered the primary repository and authoritative; files in this present directory are derived, and may have changes, as noted below. The files here are held as part of the LegumeInfo and SoyBase projects, and are made available here for the purpose of reproducibility of analyses at these sites (e.g. gene family alignments and phylogenies, genome browsers, etc.) and for further use by researchers, as that research extends other analyses at the LegumeInfo and SoyBase projects. If you are conducting research on large-scale data sets for this species, please consider retrieving the data from the primary repositories. If you use the data in the present directory, please respect any usage restrictions in the present and original repositories, and cite the data appropriately."	https://ngdc.cncb.ac.cn/gwh/Genome/43/show	Genome assembly for Glycine max accession ShiShengChangYe (SoyL09) from Liu, Du et al. 2020.	Gene annotations for Glycine max accession ShiShengChangYe (SoyL09) from Liu, Du et al. 2020.	3847	Genome assembly for Glycine max accession ShiShengChangYe (SoyL09) from Liu, Du et al. 2020. The 26 accessions were sequenced individually using single-molecule real-time (SMRT) sequencing with an average coverage depth of 96X, optical mapping with an average coverage depth of 277X, chromosome conformation capture (Hi-C) sequencing with an average coverage depth of 136X, and Illumina sequencing (HiSeq) with an average coverage depth of 68X.	Gene annotations for Glycine max accession ShiShengChangYe (SoyL09) from Liu, Du et al. 2020. Annotations of the protein-coding and small RNA genes employed Augustus trained by FGENESH, transcript support based on RNA samples from roots, stems, leaves, flowers, and seeds at different developmental stages;and integration of ab initio and evidence-based results with MAKER.						"2020-04-08"	"2022-12-09"	"2022-12-12"	Yucheng Liu, Huilong Du, Haikuan Zhang, Yanting Shen, Hua Peng, Shulin Liu, Guo-An Zhou, Miao Shi, Pengcheng Li, Xuehui Huang, Yan Li, Min Zhang, Zheng Wang, Baoge Zhu, Bin Han, Chengzhi Liang, Zhixi Tian	10.1016/j.cell.2020.05.023	"Liu Y, Du H, Li P, Shen Y, Peng H, Liu S, Zhou GA, Zhang H, Liu Z, Shi M, Huang X, Li Y, Zhang M, Wang Z, Zhu B, Han B, Liang C, Tian Z. Pan-Genome of Wild and Cultivated Soybeans. Cell. 2020 Jul 9;182(1):162-176.e13. doi: 10.1016/j.cell.2020.05.023. Epub 2020 Jun 17. PMID: 32553274."	"Pan-Genome of Wild and Cultivated Soybeans"	Andrew Farmer, Steven Cannon	public	open	"soybean, pangenome"	xxx	feature.gz	feature.tsv	Table of original feature IDs and coordinates	xxx	genome_modID.fasta.gz	genome_main.fna	Primary genome assembly	xxx	CDS.fna.gz	cds.fna	CDS sequences	CDS_primary.fna.gz	cds_primary.fna	CDS sequences - primary only	xxx	protein.faa.gz	protein.faa	Protein sequences	protein_primary.faa.gz	protein_primary.faa	Protein sequences - primary only	xxx	modID.gff3.gz	gene_models_main.gff3	Gene models - main
config_glyma.XuDouNo_1.gnm1.ann1.yml	xxx	/usr/local/www/data/private/Glycine/liu_et_al_2020_pangenome/max	SoyC01_asm_GWHACEK00000000	SoyC01_asm_GWHACEK00000000	xxx	GWHACEK00000000.	GWHACEK00000000.	xxx	Glycine	max	glyma	XuDouNo_1	gnm1	ann1	0GWH	G2T7	xxx	"The files in this directory originated from the Genome Warehouse of the China National Center for Bioinformation, https://ngdc.cncb.ac.cn/gwh. The Genome Warehouse repository is considered the primary repository and authoritative; files in this present directory are derived, and may have changes, as noted below. The files here are held as part of the LegumeInfo and SoyBase projects, and are made available here for the purpose of reproducibility of analyses at these sites (e.g. gene family alignments and phylogenies, genome browsers, etc.) and for further use by researchers, as that research extends other analyses at the LegumeInfo and SoyBase projects. If you are conducting research on large-scale data sets for this species, please consider retrieving the data from the primary repositories. If you use the data in the present directory, please respect any usage restrictions in the present and original repositories, and cite the data appropriately."	https://ngdc.cncb.ac.cn/gwh/Genome/43/show	Genome assembly for Glycine max accession XuDouNo_1 (SoyC01) from Liu, Du et al. 2020.	Gene annotations for Glycine max accession XuDouNo_1 (SoyC01) from Liu, Du et al. 2020.	3847	Genome assembly for Glycine max accession XuDouNo_1 (SoyC01) from Liu, Du et al. 2020. The 26 accessions were sequenced individually using single-molecule real-time (SMRT) sequencing with an average coverage depth of 96X, optical mapping with an average coverage depth of 277X, chromosome conformation capture (Hi-C) sequencing with an average coverage depth of 136X, and Illumina sequencing (HiSeq) with an average coverage depth of 68X.	Gene annotations for Glycine max accession XuDouNo_1 (SoyC01) from Liu, Du et al. 2020. Annotations of the protein-coding and small RNA genes employed Augustus trained by FGENESH, transcript support based on RNA samples from roots, stems, leaves, flowers, and seeds at different developmental stages;and integration of ab initio and evidence-based results with MAKER.						"2020-04-08"	"2022-12-09"	"2022-12-12"	Yucheng Liu, Huilong Du, Haikuan Zhang, Yanting Shen, Hua Peng, Shulin Liu, Guo-An Zhou, Miao Shi, Pengcheng Li, Xuehui Huang, Yan Li, Min Zhang, Zheng Wang, Baoge Zhu, Bin Han, Chengzhi Liang, Zhixi Tian	10.1016/j.cell.2020.05.023	"Liu Y, Du H, Li P, Shen Y, Peng H, Liu S, Zhou GA, Zhang H, Liu Z, Shi M, Huang X, Li Y, Zhang M, Wang Z, Zhu B, Han B, Liang C, Tian Z. Pan-Genome of Wild and Cultivated Soybeans. Cell. 2020 Jul 9;182(1):162-176.e13. doi: 10.1016/j.cell.2020.05.023. Epub 2020 Jun 17. PMID: 32553274."	"Pan-Genome of Wild and Cultivated Soybeans"	Andrew Farmer, Steven Cannon	public	open	"soybean, pangenome"	xxx	feature.gz	feature.tsv	Table of original feature IDs and coordinates	xxx	genome_modID.fasta.gz	genome_main.fna	Primary genome assembly	xxx	CDS.fna.gz	cds.fna	CDS sequences	CDS_primary.fna.gz	cds_primary.fna	CDS sequences - primary only	xxx	protein.faa.gz	protein.faa	Protein sequences	protein_primary.faa.gz	protein_primary.faa	Protein sequences - primary only	xxx	modID.gff3.gz	gene_models_main.gff3	Gene models - main
config_glyma.TieFengNo_18.gnm1.ann1.yml	xxx	/usr/local/www/data/private/Glycine/liu_et_al_2020_pangenome/max	SoyC02_asm_GWHACEL00000000	SoyC02_asm_GWHACEL00000000	xxx	GWHACEL00000000.	GWHACEL00000000.	xxx	Glycine	max	glyma	TieFengNo_18	gnm1	ann1	BW65	7GR4	xxx	"The files in this directory originated from the Genome Warehouse of the China National Center for Bioinformation, https://ngdc.cncb.ac.cn/gwh. The Genome Warehouse repository is considered the primary repository and authoritative; files in this present directory are derived, and may have changes, as noted below. The files here are held as part of the LegumeInfo and SoyBase projects, and are made available here for the purpose of reproducibility of analyses at these sites (e.g. gene family alignments and phylogenies, genome browsers, etc.) and for further use by researchers, as that research extends other analyses at the LegumeInfo and SoyBase projects. If you are conducting research on large-scale data sets for this species, please consider retrieving the data from the primary repositories. If you use the data in the present directory, please respect any usage restrictions in the present and original repositories, and cite the data appropriately."	https://ngdc.cncb.ac.cn/gwh/Genome/43/show	Genome assembly for Glycine max accession TieFengNo_18 (SoyC02) from Liu, Du et al. 2020.	Gene annotations for Glycine max accession TieFengNo_18 (SoyC02) from Liu, Du et al. 2020.	3847	Genome assembly for Glycine max accession TieFengNo_18 (SoyC02) from Liu, Du et al. 2020. The 26 accessions were sequenced individually using single-molecule real-time (SMRT) sequencing with an average coverage depth of 96X, optical mapping with an average coverage depth of 277X, chromosome conformation capture (Hi-C) sequencing with an average coverage depth of 136X, and Illumina sequencing (HiSeq) with an average coverage depth of 68X.	Gene annotations for Glycine max accession TieFengNo_18 (SoyC02) from Liu, Du et al. 2020. Annotations of the protein-coding and small RNA genes employed Augustus trained by FGENESH, transcript support based on RNA samples from roots, stems, leaves, flowers, and seeds at different developmental stages;and integration of ab initio and evidence-based results with MAKER.						"2020-04-08"	"2022-12-09"	"2022-12-12"	Yucheng Liu, Huilong Du, Haikuan Zhang, Yanting Shen, Hua Peng, Shulin Liu, Guo-An Zhou, Miao Shi, Pengcheng Li, Xuehui Huang, Yan Li, Min Zhang, Zheng Wang, Baoge Zhu, Bin Han, Chengzhi Liang, Zhixi Tian	10.1016/j.cell.2020.05.023	"Liu Y, Du H, Li P, Shen Y, Peng H, Liu S, Zhou GA, Zhang H, Liu Z, Shi M, Huang X, Li Y, Zhang M, Wang Z, Zhu B, Han B, Liang C, Tian Z. Pan-Genome of Wild and Cultivated Soybeans. Cell. 2020 Jul 9;182(1):162-176.e13. doi: 10.1016/j.cell.2020.05.023. Epub 2020 Jun 17. PMID: 32553274."	"Pan-Genome of Wild and Cultivated Soybeans"	Andrew Farmer, Steven Cannon	public	open	"soybean, pangenome"	xxx	feature.gz	feature.tsv	Table of original feature IDs and coordinates	xxx	genome_modID.fasta.gz	genome_main.fna	Primary genome assembly	xxx	CDS.fna.gz	cds.fna	CDS sequences	CDS_primary.fna.gz	cds_primary.fna	CDS sequences - primary only	xxx	protein.faa.gz	protein.faa	Protein sequences	protein_primary.faa.gz	protein_primary.faa	Protein sequences - primary only	xxx	modID.gff3.gz	gene_models_main.gff3	Gene models - main
config_glyma.JuXuanNo_23.gnm1.ann1.yml	xxx	/usr/local/www/data/private/Glycine/liu_et_al_2020_pangenome/max	SoyC03_asm_GWHACEM00000000	SoyC03_asm_GWHACEM00000000	xxx	GWHACEM00000000.	GWHACEM00000000.	xxx	Glycine	max	glyma	JuXuanNo_23	gnm1	ann1	WC57	H8PW	xxx	"The files in this directory originated from the Genome Warehouse of the China National Center for Bioinformation, https://ngdc.cncb.ac.cn/gwh. The Genome Warehouse repository is considered the primary repository and authoritative; files in this present directory are derived, and may have changes, as noted below. The files here are held as part of the LegumeInfo and SoyBase projects, and are made available here for the purpose of reproducibility of analyses at these sites (e.g. gene family alignments and phylogenies, genome browsers, etc.) and for further use by researchers, as that research extends other analyses at the LegumeInfo and SoyBase projects. If you are conducting research on large-scale data sets for this species, please consider retrieving the data from the primary repositories. If you use the data in the present directory, please respect any usage restrictions in the present and original repositories, and cite the data appropriately."	https://ngdc.cncb.ac.cn/gwh/Genome/43/show	Genome assembly for Glycine max accession JuXuanNo_23 (SoyC03) from Liu, Du et al. 2020.	Gene annotations for Glycine max accession JuXuanNo_23 (SoyC03) from Liu, Du et al. 2020.	3847	Genome assembly for Glycine max accession JuXuanNo_23 (SoyC03) from Liu, Du et al. 2020. The 26 accessions were sequenced individually using single-molecule real-time (SMRT) sequencing with an average coverage depth of 96X, optical mapping with an average coverage depth of 277X, chromosome conformation capture (Hi-C) sequencing with an average coverage depth of 136X, and Illumina sequencing (HiSeq) with an average coverage depth of 68X.	Gene annotations for Glycine max accession JuXuanNo_23 (SoyC03) from Liu, Du et al. 2020. Annotations of the protein-coding and small RNA genes employed Augustus trained by FGENESH, transcript support based on RNA samples from roots, stems, leaves, flowers, and seeds at different developmental stages;and integration of ab initio and evidence-based results with MAKER.						"2020-04-08"	"2022-12-09"	"2022-12-12"	Yucheng Liu, Huilong Du, Haikuan Zhang, Yanting Shen, Hua Peng, Shulin Liu, Guo-An Zhou, Miao Shi, Pengcheng Li, Xuehui Huang, Yan Li, Min Zhang, Zheng Wang, Baoge Zhu, Bin Han, Chengzhi Liang, Zhixi Tian	10.1016/j.cell.2020.05.023	"Liu Y, Du H, Li P, Shen Y, Peng H, Liu S, Zhou GA, Zhang H, Liu Z, Shi M, Huang X, Li Y, Zhang M, Wang Z, Zhu B, Han B, Liang C, Tian Z. Pan-Genome of Wild and Cultivated Soybeans. Cell. 2020 Jul 9;182(1):162-176.e13. doi: 10.1016/j.cell.2020.05.023. Epub 2020 Jun 17. PMID: 32553274."	"Pan-Genome of Wild and Cultivated Soybeans"	Andrew Farmer, Steven Cannon	public	open	"soybean, pangenome"	xxx	feature.gz	feature.tsv	Table of original feature IDs and coordinates	xxx	genome_modID.fasta.gz	genome_main.fna	Primary genome assembly	xxx	CDS.fna.gz	cds.fna	CDS sequences	CDS_primary.fna.gz	cds_primary.fna	CDS sequences - primary only	xxx	protein.faa.gz	protein.faa	Protein sequences	protein_primary.faa.gz	protein_primary.faa	Protein sequences - primary only	xxx	modID.gff3.gz	gene_models_main.gff3	Gene models - main
config_glyma.WanDouNo_28.gnm1.ann1.yml	xxx	/usr/local/www/data/private/Glycine/liu_et_al_2020_pangenome/max	SoyC04_asm_GWHACEN00000000	SoyC04_asm_GWHACEN00000000	xxx	GWHACEN00000000.	GWHACEN00000000.	xxx	Glycine	max	glyma	WanDouNo_28	gnm1	ann1	ZRP2	NLYP	xxx	"The files in this directory originated from the Genome Warehouse of the China National Center for Bioinformation, https://ngdc.cncb.ac.cn/gwh. The Genome Warehouse repository is considered the primary repository and authoritative; files in this present directory are derived, and may have changes, as noted below. The files here are held as part of the LegumeInfo and SoyBase projects, and are made available here for the purpose of reproducibility of analyses at these sites (e.g. gene family alignments and phylogenies, genome browsers, etc.) and for further use by researchers, as that research extends other analyses at the LegumeInfo and SoyBase projects. If you are conducting research on large-scale data sets for this species, please consider retrieving the data from the primary repositories. If you use the data in the present directory, please respect any usage restrictions in the present and original repositories, and cite the data appropriately."	https://ngdc.cncb.ac.cn/gwh/Genome/43/show	Genome assembly for Glycine max accession WanDouNo_28 (SoyC04) from Liu, Du et al. 2020.	Gene annotations for Glycine max accession WanDouNo_28 (SoyC04) from Liu, Du et al. 2020.	3847	Genome assembly for Glycine max accession WanDouNo_28 (SoyC04) from Liu, Du et al. 2020. The 26 accessions were sequenced individually using single-molecule real-time (SMRT) sequencing with an average coverage depth of 96X, optical mapping with an average coverage depth of 277X, chromosome conformation capture (Hi-C) sequencing with an average coverage depth of 136X, and Illumina sequencing (HiSeq) with an average coverage depth of 68X.	Gene annotations for Glycine max accession WanDouNo_28 (SoyC04) from Liu, Du et al. 2020. Annotations of the protein-coding and small RNA genes employed Augustus trained by FGENESH, transcript support based on RNA samples from roots, stems, leaves, flowers, and seeds at different developmental stages;and integration of ab initio and evidence-based results with MAKER.						"2020-04-08"	"2022-12-09"	"2022-12-12"	Yucheng Liu, Huilong Du, Haikuan Zhang, Yanting Shen, Hua Peng, Shulin Liu, Guo-An Zhou, Miao Shi, Pengcheng Li, Xuehui Huang, Yan Li, Min Zhang, Zheng Wang, Baoge Zhu, Bin Han, Chengzhi Liang, Zhixi Tian	10.1016/j.cell.2020.05.023	"Liu Y, Du H, Li P, Shen Y, Peng H, Liu S, Zhou GA, Zhang H, Liu Z, Shi M, Huang X, Li Y, Zhang M, Wang Z, Zhu B, Han B, Liang C, Tian Z. Pan-Genome of Wild and Cultivated Soybeans. Cell. 2020 Jul 9;182(1):162-176.e13. doi: 10.1016/j.cell.2020.05.023. Epub 2020 Jun 17. PMID: 32553274."	"Pan-Genome of Wild and Cultivated Soybeans"	Andrew Farmer, Steven Cannon	public	open	"soybean, pangenome"	xxx	feature.gz	feature.tsv	Table of original feature IDs and coordinates	xxx	genome_modID.fasta.gz	genome_main.fna	Primary genome assembly	xxx	CDS.fna.gz	cds.fna	CDS sequences	CDS_primary.fna.gz	cds_primary.fna	CDS sequences - primary only	xxx	protein.faa.gz	protein.faa	Protein sequences	protein_primary.faa.gz	protein_primary.faa	Protein sequences - primary only	xxx	modID.gff3.gz	gene_models_main.gff3	Gene models - main
config_glyma.Amsoy.gnm1.ann1.yml	xxx	/usr/local/www/data/private/Glycine/liu_et_al_2020_pangenome/max	SoyC05_asm_GWHACEO00000000	SoyC05_asm_GWHACEO00000000	xxx	GWHACEO00000000.	GWHACEO00000000.	xxx	Glycine	max	glyma	Amsoy	gnm1	ann1	TYYG	6S5P	xxx	"The files in this directory originated from the Genome Warehouse of the China National Center for Bioinformation, https://ngdc.cncb.ac.cn/gwh. The Genome Warehouse repository is considered the primary repository and authoritative; files in this present directory are derived, and may have changes, as noted below. The files here are held as part of the LegumeInfo and SoyBase projects, and are made available here for the purpose of reproducibility of analyses at these sites (e.g. gene family alignments and phylogenies, genome browsers, etc.) and for further use by researchers, as that research extends other analyses at the LegumeInfo and SoyBase projects. If you are conducting research on large-scale data sets for this species, please consider retrieving the data from the primary repositories. If you use the data in the present directory, please respect any usage restrictions in the present and original repositories, and cite the data appropriately."	https://ngdc.cncb.ac.cn/gwh/Genome/43/show	Genome assembly for Glycine max accession Amsoy (SoyC05) from Liu, Du et al. 2020.	Gene annotations for Glycine max accession Amsoy (SoyC05) from Liu, Du et al. 2020.	3847	Genome assembly for Glycine max accession Amsoy (SoyC05) from Liu, Du et al. 2020. The 26 accessions were sequenced individually using single-molecule real-time (SMRT) sequencing with an average coverage depth of 96X, optical mapping with an average coverage depth of 277X, chromosome conformation capture (Hi-C) sequencing with an average coverage depth of 136X, and Illumina sequencing (HiSeq) with an average coverage depth of 68X.	Gene annotations for Glycine max accession Amsoy (SoyC05) from Liu, Du et al. 2020. Annotations of the protein-coding and small RNA genes employed Augustus trained by FGENESH, transcript support based on RNA samples from roots, stems, leaves, flowers, and seeds at different developmental stages;and integration of ab initio and evidence-based results with MAKER.						"2020-04-08"	"2022-12-09"	"2022-12-12"	Yucheng Liu, Huilong Du, Haikuan Zhang, Yanting Shen, Hua Peng, Shulin Liu, Guo-An Zhou, Miao Shi, Pengcheng Li, Xuehui Huang, Yan Li, Min Zhang, Zheng Wang, Baoge Zhu, Bin Han, Chengzhi Liang, Zhixi Tian	10.1016/j.cell.2020.05.023	"Liu Y, Du H, Li P, Shen Y, Peng H, Liu S, Zhou GA, Zhang H, Liu Z, Shi M, Huang X, Li Y, Zhang M, Wang Z, Zhu B, Han B, Liang C, Tian Z. Pan-Genome of Wild and Cultivated Soybeans. Cell. 2020 Jul 9;182(1):162-176.e13. doi: 10.1016/j.cell.2020.05.023. Epub 2020 Jun 17. PMID: 32553274."	"Pan-Genome of Wild and Cultivated Soybeans"	Andrew Farmer, Steven Cannon	public	open	"soybean, pangenome"	xxx	feature.gz	feature.tsv	Table of original feature IDs and coordinates	xxx	genome_modID.fasta.gz	genome_main.fna	Primary genome assembly	xxx	CDS.fna.gz	cds.fna	CDS sequences	CDS_primary.fna.gz	cds_primary.fna	CDS sequences - primary only	xxx	protein.faa.gz	protein.faa	Protein sequences	protein_primary.faa.gz	protein_primary.faa	Protein sequences - primary only	xxx	modID.gff3.gz	gene_models_main.gff3	Gene models - main
config_glyma.YuDouNo_22.gnm1.ann1.yml	xxx	/usr/local/www/data/private/Glycine/liu_et_al_2020_pangenome/max	SoyC06_asm_GWHACEP00000000	SoyC06_asm_GWHACEP00000000	xxx	GWHACEP00000000.	GWHACEP00000000.	xxx	Glycine	max	glyma	YuDouNo_22	gnm1	ann1	T2VD	HCQ1	xxx	"The files in this directory originated from the Genome Warehouse of the China National Center for Bioinformation, https://ngdc.cncb.ac.cn/gwh. The Genome Warehouse repository is considered the primary repository and authoritative; files in this present directory are derived, and may have changes, as noted below. The files here are held as part of the LegumeInfo and SoyBase projects, and are made available here for the purpose of reproducibility of analyses at these sites (e.g. gene family alignments and phylogenies, genome browsers, etc.) and for further use by researchers, as that research extends other analyses at the LegumeInfo and SoyBase projects. If you are conducting research on large-scale data sets for this species, please consider retrieving the data from the primary repositories. If you use the data in the present directory, please respect any usage restrictions in the present and original repositories, and cite the data appropriately."	https://ngdc.cncb.ac.cn/gwh/Genome/43/show	Genome assembly for Glycine max accession YuDouNo_22 (SoyC06) from Liu, Du et al. 2020.	Gene annotations for Glycine max accession YuDouNo_22 (SoyC06) from Liu, Du et al. 2020.	3847	Genome assembly for Glycine max accession YuDouNo_22 (SoyC06) from Liu, Du et al. 2020. The 26 accessions were sequenced individually using single-molecule real-time (SMRT) sequencing with an average coverage depth of 96X, optical mapping with an average coverage depth of 277X, chromosome conformation capture (Hi-C) sequencing with an average coverage depth of 136X, and Illumina sequencing (HiSeq) with an average coverage depth of 68X.	Gene annotations for Glycine max accession YuDouNo_22 (SoyC06) from Liu, Du et al. 2020. Annotations of the protein-coding and small RNA genes employed Augustus trained by FGENESH, transcript support based on RNA samples from roots, stems, leaves, flowers, and seeds at different developmental stages;and integration of ab initio and evidence-based results with MAKER.						"2020-04-08"	"2022-12-09"	"2022-12-12"	Yucheng Liu, Huilong Du, Haikuan Zhang, Yanting Shen, Hua Peng, Shulin Liu, Guo-An Zhou, Miao Shi, Pengcheng Li, Xuehui Huang, Yan Li, Min Zhang, Zheng Wang, Baoge Zhu, Bin Han, Chengzhi Liang, Zhixi Tian	10.1016/j.cell.2020.05.023	"Liu Y, Du H, Li P, Shen Y, Peng H, Liu S, Zhou GA, Zhang H, Liu Z, Shi M, Huang X, Li Y, Zhang M, Wang Z, Zhu B, Han B, Liang C, Tian Z. Pan-Genome of Wild and Cultivated Soybeans. Cell. 2020 Jul 9;182(1):162-176.e13. doi: 10.1016/j.cell.2020.05.023. Epub 2020 Jun 17. PMID: 32553274."	"Pan-Genome of Wild and Cultivated Soybeans"	Andrew Farmer, Steven Cannon	public	open	"soybean, pangenome"	xxx	feature.gz	feature.tsv	Table of original feature IDs and coordinates	xxx	genome_modID.fasta.gz	genome_main.fna	Primary genome assembly	xxx	CDS.fna.gz	cds.fna	CDS sequences	CDS_primary.fna.gz	cds_primary.fna	CDS sequences - primary only	xxx	protein.faa.gz	protein.faa	Protein sequences	protein_primary.faa.gz	protein_primary.faa	Protein sequences - primary only	xxx	modID.gff3.gz	gene_models_main.gff3	Gene models - main
config_glyma.JinDouNo_23.gnm1.ann1.yml	xxx	/usr/local/www/data/private/Glycine/liu_et_al_2020_pangenome/max	SoyC07_asm_GWHACEQ00000000	SoyC07_asm_GWHACEQ00000000	xxx	GWHACEQ00000000.	GWHACEQ00000000.	xxx	Glycine	max	glyma	JinDouNo_23	gnm1	ann1	GBYD	SGJW	xxx	"The files in this directory originated from the Genome Warehouse of the China National Center for Bioinformation, https://ngdc.cncb.ac.cn/gwh. The Genome Warehouse repository is considered the primary repository and authoritative; files in this present directory are derived, and may have changes, as noted below. The files here are held as part of the LegumeInfo and SoyBase projects, and are made available here for the purpose of reproducibility of analyses at these sites (e.g. gene family alignments and phylogenies, genome browsers, etc.) and for further use by researchers, as that research extends other analyses at the LegumeInfo and SoyBase projects. If you are conducting research on large-scale data sets for this species, please consider retrieving the data from the primary repositories. If you use the data in the present directory, please respect any usage restrictions in the present and original repositories, and cite the data appropriately."	https://ngdc.cncb.ac.cn/gwh/Genome/43/show	Genome assembly for Glycine max accession JinDouNo_23 (SoyC07) from Liu, Du et al. 2020.	Gene annotations for Glycine max accession JinDouNo_23 (SoyC07) from Liu, Du et al. 2020.	3847	Genome assembly for Glycine max accession JinDouNo_23 (SoyC07) from Liu, Du et al. 2020. The 26 accessions were sequenced individually using single-molecule real-time (SMRT) sequencing with an average coverage depth of 96X, optical mapping with an average coverage depth of 277X, chromosome conformation capture (Hi-C) sequencing with an average coverage depth of 136X, and Illumina sequencing (HiSeq) with an average coverage depth of 68X.	Gene annotations for Glycine max accession JinDouNo_23 (SoyC07) from Liu, Du et al. 2020. Annotations of the protein-coding and small RNA genes employed Augustus trained by FGENESH, transcript support based on RNA samples from roots, stems, leaves, flowers, and seeds at different developmental stages;and integration of ab initio and evidence-based results with MAKER.						"2020-04-08"	"2022-12-09"	"2022-12-12"	Yucheng Liu, Huilong Du, Haikuan Zhang, Yanting Shen, Hua Peng, Shulin Liu, Guo-An Zhou, Miao Shi, Pengcheng Li, Xuehui Huang, Yan Li, Min Zhang, Zheng Wang, Baoge Zhu, Bin Han, Chengzhi Liang, Zhixi Tian	10.1016/j.cell.2020.05.023	"Liu Y, Du H, Li P, Shen Y, Peng H, Liu S, Zhou GA, Zhang H, Liu Z, Shi M, Huang X, Li Y, Zhang M, Wang Z, Zhu B, Han B, Liang C, Tian Z. Pan-Genome of Wild and Cultivated Soybeans. Cell. 2020 Jul 9;182(1):162-176.e13. doi: 10.1016/j.cell.2020.05.023. Epub 2020 Jun 17. PMID: 32553274."	"Pan-Genome of Wild and Cultivated Soybeans"	Andrew Farmer, Steven Cannon	public	open	"soybean, pangenome"	xxx	feature.gz	feature.tsv	Table of original feature IDs and coordinates	xxx	genome_modID.fasta.gz	genome_main.fna	Primary genome assembly	xxx	CDS.fna.gz	cds.fna	CDS sequences	CDS_primary.fna.gz	cds_primary.fna	CDS sequences - primary only	xxx	protein.faa.gz	protein.faa	Protein sequences	protein_primary.faa.gz	protein_primary.faa	Protein sequences - primary only	xxx	modID.gff3.gz	gene_models_main.gff3	Gene models - main
config_glyma.QiHuangNo_34.gnm1.ann1.yml	xxx	/usr/local/www/data/private/Glycine/liu_et_al_2020_pangenome/max	SoyC08_asm_GWHACER00000000	SoyC08_asm_GWHACER00000000	xxx	GWHACER00000000.	GWHACER00000000.	xxx	Glycine	max	glyma	QiHuangNo_34	gnm1	ann1	MB9G	WHRV	xxx	"The files in this directory originated from the Genome Warehouse of the China National Center for Bioinformation, https://ngdc.cncb.ac.cn/gwh. The Genome Warehouse repository is considered the primary repository and authoritative; files in this present directory are derived, and may have changes, as noted below. The files here are held as part of the LegumeInfo and SoyBase projects, and are made available here for the purpose of reproducibility of analyses at these sites (e.g. gene family alignments and phylogenies, genome browsers, etc.) and for further use by researchers, as that research extends other analyses at the LegumeInfo and SoyBase projects. If you are conducting research on large-scale data sets for this species, please consider retrieving the data from the primary repositories. If you use the data in the present directory, please respect any usage restrictions in the present and original repositories, and cite the data appropriately."	https://ngdc.cncb.ac.cn/gwh/Genome/43/show	Genome assembly for Glycine max accession QiHuangNo_34 (SoyC08) from Liu, Du et al. 2020.	Gene annotations for Glycine max accession QiHuangNo_34 (SoyC08) from Liu, Du et al. 2020.	3847	Genome assembly for Glycine max accession QiHuangNo_34 (SoyC08) from Liu, Du et al. 2020. The 26 accessions were sequenced individually using single-molecule real-time (SMRT) sequencing with an average coverage depth of 96X, optical mapping with an average coverage depth of 277X, chromosome conformation capture (Hi-C) sequencing with an average coverage depth of 136X, and Illumina sequencing (HiSeq) with an average coverage depth of 68X.	Gene annotations for Glycine max accession QiHuangNo_34 (SoyC08) from Liu, Du et al. 2020. Annotations of the protein-coding and small RNA genes employed Augustus trained by FGENESH, transcript support based on RNA samples from roots, stems, leaves, flowers, and seeds at different developmental stages;and integration of ab initio and evidence-based results with MAKER.						"2020-04-08"	"2022-12-09"	"2022-12-12"	Yucheng Liu, Huilong Du, Haikuan Zhang, Yanting Shen, Hua Peng, Shulin Liu, Guo-An Zhou, Miao Shi, Pengcheng Li, Xuehui Huang, Yan Li, Min Zhang, Zheng Wang, Baoge Zhu, Bin Han, Chengzhi Liang, Zhixi Tian	10.1016/j.cell.2020.05.023	"Liu Y, Du H, Li P, Shen Y, Peng H, Liu S, Zhou GA, Zhang H, Liu Z, Shi M, Huang X, Li Y, Zhang M, Wang Z, Zhu B, Han B, Liang C, Tian Z. Pan-Genome of Wild and Cultivated Soybeans. Cell. 2020 Jul 9;182(1):162-176.e13. doi: 10.1016/j.cell.2020.05.023. Epub 2020 Jun 17. PMID: 32553274."	"Pan-Genome of Wild and Cultivated Soybeans"	Andrew Farmer, Steven Cannon	public	open	"soybean, pangenome"	xxx	feature.gz	feature.tsv	Table of original feature IDs and coordinates	xxx	genome_modID.fasta.gz	genome_main.fna	Primary genome assembly	xxx	CDS.fna.gz	cds.fna	CDS sequences	CDS_primary.fna.gz	cds_primary.fna	CDS sequences - primary only	xxx	protein.faa.gz	protein.faa	Protein sequences	protein_primary.faa.gz	protein_primary.faa	Protein sequences - primary only	xxx	modID.gff3.gz	gene_models_main.gff3	Gene models - main
config_glyma.HanDouNo_5.gnm1.ann1.yml	xxx	/usr/local/www/data/private/Glycine/liu_et_al_2020_pangenome/max	SoyC09_asm_GWHACES00000000	SoyC09_asm_GWHACES00000000	xxx	GWHACES00000000.	GWHACES00000000.	xxx	Glycine	max	glyma	HanDouNo_5	gnm1	ann1	11MF	ZS7M	xxx	"The files in this directory originated from the Genome Warehouse of the China National Center for Bioinformation, https://ngdc.cncb.ac.cn/gwh. The Genome Warehouse repository is considered the primary repository and authoritative; files in this present directory are derived, and may have changes, as noted below. The files here are held as part of the LegumeInfo and SoyBase projects, and are made available here for the purpose of reproducibility of analyses at these sites (e.g. gene family alignments and phylogenies, genome browsers, etc.) and for further use by researchers, as that research extends other analyses at the LegumeInfo and SoyBase projects. If you are conducting research on large-scale data sets for this species, please consider retrieving the data from the primary repositories. If you use the data in the present directory, please respect any usage restrictions in the present and original repositories, and cite the data appropriately."	https://ngdc.cncb.ac.cn/gwh/Genome/43/show	Genome assembly for Glycine max accession HanDouNo_5 (SoyC09) from Liu, Du et al. 2020.	Gene annotations for Glycine max accession HanDouNo_5 (SoyC09) from Liu, Du et al. 2020.	3847	Genome assembly for Glycine max accession HanDouNo_5 (SoyC09) from Liu, Du et al. 2020. The 26 accessions were sequenced individually using single-molecule real-time (SMRT) sequencing with an average coverage depth of 96X, optical mapping with an average coverage depth of 277X, chromosome conformation capture (Hi-C) sequencing with an average coverage depth of 136X, and Illumina sequencing (HiSeq) with an average coverage depth of 68X.	Gene annotations for Glycine max accession HanDouNo_5 (SoyC09) from Liu, Du et al. 2020. Annotations of the protein-coding and small RNA genes employed Augustus trained by FGENESH, transcript support based on RNA samples from roots, stems, leaves, flowers, and seeds at different developmental stages;and integration of ab initio and evidence-based results with MAKER.						"2020-04-08"	"2022-12-09"	"2022-12-12"	Yucheng Liu, Huilong Du, Haikuan Zhang, Yanting Shen, Hua Peng, Shulin Liu, Guo-An Zhou, Miao Shi, Pengcheng Li, Xuehui Huang, Yan Li, Min Zhang, Zheng Wang, Baoge Zhu, Bin Han, Chengzhi Liang, Zhixi Tian	10.1016/j.cell.2020.05.023	"Liu Y, Du H, Li P, Shen Y, Peng H, Liu S, Zhou GA, Zhang H, Liu Z, Shi M, Huang X, Li Y, Zhang M, Wang Z, Zhu B, Han B, Liang C, Tian Z. Pan-Genome of Wild and Cultivated Soybeans. Cell. 2020 Jul 9;182(1):162-176.e13. doi: 10.1016/j.cell.2020.05.023. Epub 2020 Jun 17. PMID: 32553274."	"Pan-Genome of Wild and Cultivated Soybeans"	Andrew Farmer, Steven Cannon	public	open	"soybean, pangenome"	xxx	feature.gz	feature.tsv	Table of original feature IDs and coordinates	xxx	genome_modID.fasta.gz	genome_main.fna	Primary genome assembly	xxx	CDS.fna.gz	cds.fna	CDS sequences	CDS_primary.fna.gz	cds_primary.fna	CDS sequences - primary only	xxx	protein.faa.gz	protein.faa	Protein sequences	protein_primary.faa.gz	protein_primary.faa	Protein sequences - primary only	xxx	modID.gff3.gz	gene_models_main.gff3	Gene models - main
config_glyma.PI_548362.gnm1.ann1.yml	xxx	/usr/local/www/data/private/Glycine/liu_et_al_2020_pangenome/max	SoyC10_asm_GWHACET00000000	SoyC10_asm_GWHACET00000000	xxx	GWHACET00000000.	GWHACET00000000.	xxx	Glycine	max	glyma	PI_548362	gnm1	ann1	V9S7	LL84	xxx	"The files in this directory originated from the Genome Warehouse of the China National Center for Bioinformation, https://ngdc.cncb.ac.cn/gwh. The Genome Warehouse repository is considered the primary repository and authoritative; files in this present directory are derived, and may have changes, as noted below. The files here are held as part of the LegumeInfo and SoyBase projects, and are made available here for the purpose of reproducibility of analyses at these sites (e.g. gene family alignments and phylogenies, genome browsers, etc.) and for further use by researchers, as that research extends other analyses at the LegumeInfo and SoyBase projects. If you are conducting research on large-scale data sets for this species, please consider retrieving the data from the primary repositories. If you use the data in the present directory, please respect any usage restrictions in the present and original repositories, and cite the data appropriately."	https://ngdc.cncb.ac.cn/gwh/Genome/43/show	Genome assembly for Glycine max accession PI_548362 (SoyC10) from Liu, Du et al. 2020.	Gene annotations for Glycine max accession PI_548362 (SoyC10) from Liu, Du et al. 2020.	3847	Genome assembly for Glycine max accession PI_548362 (SoyC10) from Liu, Du et al. 2020. The 26 accessions were sequenced individually using single-molecule real-time (SMRT) sequencing with an average coverage depth of 96X, optical mapping with an average coverage depth of 277X, chromosome conformation capture (Hi-C) sequencing with an average coverage depth of 136X, and Illumina sequencing (HiSeq) with an average coverage depth of 68X.	Gene annotations for Glycine max accession PI_548362 (SoyC10) from Liu, Du et al. 2020. Annotations of the protein-coding and small RNA genes employed Augustus trained by FGENESH, transcript support based on RNA samples from roots, stems, leaves, flowers, and seeds at different developmental stages;and integration of ab initio and evidence-based results with MAKER.						"2020-04-08"	"2022-12-09"	"2022-12-12"	Yucheng Liu, Huilong Du, Haikuan Zhang, Yanting Shen, Hua Peng, Shulin Liu, Guo-An Zhou, Miao Shi, Pengcheng Li, Xuehui Huang, Yan Li, Min Zhang, Zheng Wang, Baoge Zhu, Bin Han, Chengzhi Liang, Zhixi Tian	10.1016/j.cell.2020.05.023	"Liu Y, Du H, Li P, Shen Y, Peng H, Liu S, Zhou GA, Zhang H, Liu Z, Shi M, Huang X, Li Y, Zhang M, Wang Z, Zhu B, Han B, Liang C, Tian Z. Pan-Genome of Wild and Cultivated Soybeans. Cell. 2020 Jul 9;182(1):162-176.e13. doi: 10.1016/j.cell.2020.05.023. Epub 2020 Jun 17. PMID: 32553274."	"Pan-Genome of Wild and Cultivated Soybeans"	Andrew Farmer, Steven Cannon	public	open	"soybean, pangenome"	xxx	feature.gz	feature.tsv	Table of original feature IDs and coordinates	xxx	genome_modID.fasta.gz	genome_main.fna	Primary genome assembly	xxx	CDS.fna.gz	cds.fna	CDS sequences	CDS_primary.fna.gz	cds_primary.fna	CDS sequences - primary only	xxx	protein.faa.gz	protein.faa	Protein sequences	protein_primary.faa.gz	protein_primary.faa	Protein sequences - primary only	xxx	modID.gff3.gz	gene_models_main.gff3	Gene models - main
config_glyma.JiDouNo_17.gnm1.ann1.yml	xxx	/usr/local/www/data/private/Glycine/liu_et_al_2020_pangenome/max	SoyC11_asm_GWHACEU00000000	SoyC11_asm_GWHACEU00000000	xxx	GWHACEU00000000.	GWHACEU00000000.	xxx	Glycine	max	glyma	JiDouNo_17	gnm1	ann1	MRYM	X5PX	xxx	"The files in this directory originated from the Genome Warehouse of the China National Center for Bioinformation, https://ngdc.cncb.ac.cn/gwh. The Genome Warehouse repository is considered the primary repository and authoritative; files in this present directory are derived, and may have changes, as noted below. The files here are held as part of the LegumeInfo and SoyBase projects, and are made available here for the purpose of reproducibility of analyses at these sites (e.g. gene family alignments and phylogenies, genome browsers, etc.) and for further use by researchers, as that research extends other analyses at the LegumeInfo and SoyBase projects. If you are conducting research on large-scale data sets for this species, please consider retrieving the data from the primary repositories. If you use the data in the present directory, please respect any usage restrictions in the present and original repositories, and cite the data appropriately."	https://ngdc.cncb.ac.cn/gwh/Genome/43/show	Genome assembly for Glycine max accession JiDouNo_17 (SoyC11) from Liu, Du et al. 2020.	Gene annotations for Glycine max accession JiDouNo_17 (SoyC11) from Liu, Du et al. 2020.	3847	Genome assembly for Glycine max accession JiDouNo_17 (SoyC11) from Liu, Du et al. 2020. The 26 accessions were sequenced individually using single-molecule real-time (SMRT) sequencing with an average coverage depth of 96X, optical mapping with an average coverage depth of 277X, chromosome conformation capture (Hi-C) sequencing with an average coverage depth of 136X, and Illumina sequencing (HiSeq) with an average coverage depth of 68X.	Gene annotations for Glycine max accession JiDouNo_17 (SoyC11) from Liu, Du et al. 2020. Annotations of the protein-coding and small RNA genes employed Augustus trained by FGENESH, transcript support based on RNA samples from roots, stems, leaves, flowers, and seeds at different developmental stages;and integration of ab initio and evidence-based results with MAKER.						"2020-04-08"	"2022-12-09"	"2022-12-12"	Yucheng Liu, Huilong Du, Haikuan Zhang, Yanting Shen, Hua Peng, Shulin Liu, Guo-An Zhou, Miao Shi, Pengcheng Li, Xuehui Huang, Yan Li, Min Zhang, Zheng Wang, Baoge Zhu, Bin Han, Chengzhi Liang, Zhixi Tian	10.1016/j.cell.2020.05.023	"Liu Y, Du H, Li P, Shen Y, Peng H, Liu S, Zhou GA, Zhang H, Liu Z, Shi M, Huang X, Li Y, Zhang M, Wang Z, Zhu B, Han B, Liang C, Tian Z. Pan-Genome of Wild and Cultivated Soybeans. Cell. 2020 Jul 9;182(1):162-176.e13. doi: 10.1016/j.cell.2020.05.023. Epub 2020 Jun 17. PMID: 32553274."	"Pan-Genome of Wild and Cultivated Soybeans"	Andrew Farmer, Steven Cannon	public	open	"soybean, pangenome"	xxx	feature.gz	feature.tsv	Table of original feature IDs and coordinates	xxx	genome_modID.fasta.gz	genome_main.fna	Primary genome assembly	xxx	CDS.fna.gz	cds.fna	CDS sequences	CDS_primary.fna.gz	cds_primary.fna	CDS sequences - primary only	xxx	protein.faa.gz	protein.faa	Protein sequences	protein_primary.faa.gz	protein_primary.faa	Protein sequences - primary only	xxx	modID.gff3.gz	gene_models_main.gff3	Gene models - main
config_glyma.DongNongNo_50.gnm1.ann1.yml	xxx	/usr/local/www/data/private/Glycine/liu_et_al_2020_pangenome/max	SoyC12_asm_GWHACEV00000000	SoyC12_asm_GWHACEV00000000	xxx	GWHACEV00000000.	GWHACEV00000000.	xxx	Glycine	max	glyma	DongNongNo_50	gnm1	ann1	XRTN	QSDB	xxx	"The files in this directory originated from the Genome Warehouse of the China National Center for Bioinformation, https://ngdc.cncb.ac.cn/gwh. The Genome Warehouse repository is considered the primary repository and authoritative; files in this present directory are derived, and may have changes, as noted below. The files here are held as part of the LegumeInfo and SoyBase projects, and are made available here for the purpose of reproducibility of analyses at these sites (e.g. gene family alignments and phylogenies, genome browsers, etc.) and for further use by researchers, as that research extends other analyses at the LegumeInfo and SoyBase projects. If you are conducting research on large-scale data sets for this species, please consider retrieving the data from the primary repositories. If you use the data in the present directory, please respect any usage restrictions in the present and original repositories, and cite the data appropriately."	https://ngdc.cncb.ac.cn/gwh/Genome/43/show	Genome assembly for Glycine max accession DongNongNo_50 (SoyC12) from Liu, Du et al. 2020.	Gene annotations for Glycine max accession DongNongNo_50 (SoyC12) from Liu, Du et al. 2020.	3847	Genome assembly for Glycine max accession DongNongNo_50 (SoyC12) from Liu, Du et al. 2020. The 26 accessions were sequenced individually using single-molecule real-time (SMRT) sequencing with an average coverage depth of 96X, optical mapping with an average coverage depth of 277X, chromosome conformation capture (Hi-C) sequencing with an average coverage depth of 136X, and Illumina sequencing (HiSeq) with an average coverage depth of 68X.	Gene annotations for Glycine max accession DongNongNo_50 (SoyC12) from Liu, Du et al. 2020. Annotations of the protein-coding and small RNA genes employed Augustus trained by FGENESH, transcript support based on RNA samples from roots, stems, leaves, flowers, and seeds at different developmental stages;and integration of ab initio and evidence-based results with MAKER.						"2020-04-08"	"2022-12-09"	"2022-12-12"	Yucheng Liu, Huilong Du, Haikuan Zhang, Yanting Shen, Hua Peng, Shulin Liu, Guo-An Zhou, Miao Shi, Pengcheng Li, Xuehui Huang, Yan Li, Min Zhang, Zheng Wang, Baoge Zhu, Bin Han, Chengzhi Liang, Zhixi Tian	10.1016/j.cell.2020.05.023	"Liu Y, Du H, Li P, Shen Y, Peng H, Liu S, Zhou GA, Zhang H, Liu Z, Shi M, Huang X, Li Y, Zhang M, Wang Z, Zhu B, Han B, Liang C, Tian Z. Pan-Genome of Wild and Cultivated Soybeans. Cell. 2020 Jul 9;182(1):162-176.e13. doi: 10.1016/j.cell.2020.05.023. Epub 2020 Jun 17. PMID: 32553274."	"Pan-Genome of Wild and Cultivated Soybeans"	Andrew Farmer, Steven Cannon	public	open	"soybean, pangenome"	xxx	feature.gz	feature.tsv	Table of original feature IDs and coordinates	xxx	genome_modID.fasta.gz	genome_main.fna	Primary genome assembly	xxx	CDS.fna.gz	cds.fna	CDS sequences	CDS_primary.fna.gz	cds_primary.fna	CDS sequences - primary only	xxx	protein.faa.gz	protein.faa	Protein sequences	protein_primary.faa.gz	protein_primary.faa	Protein sequences - primary only	xxx	modID.gff3.gz	gene_models_main.gff3	Gene models - main
config_glyma.HeiHeNo_43.gnm1.ann1.yml	xxx	/usr/local/www/data/private/Glycine/liu_et_al_2020_pangenome/max	SoyC13_asm_GWHACEW00000000	SoyC13_asm_GWHACEW00000000	xxx	GWHACEW00000000.	GWHACEW00000000.	xxx	Glycine	max	glyma	HeiHeNo_43	gnm1	ann1	FV4H	PDXG	xxx	"The files in this directory originated from the Genome Warehouse of the China National Center for Bioinformation, https://ngdc.cncb.ac.cn/gwh. The Genome Warehouse repository is considered the primary repository and authoritative; files in this present directory are derived, and may have changes, as noted below. The files here are held as part of the LegumeInfo and SoyBase projects, and are made available here for the purpose of reproducibility of analyses at these sites (e.g. gene family alignments and phylogenies, genome browsers, etc.) and for further use by researchers, as that research extends other analyses at the LegumeInfo and SoyBase projects. If you are conducting research on large-scale data sets for this species, please consider retrieving the data from the primary repositories. If you use the data in the present directory, please respect any usage restrictions in the present and original repositories, and cite the data appropriately."	https://ngdc.cncb.ac.cn/gwh/Genome/43/show	Genome assembly for Glycine max accession HeiHeNo_43 (SoyC13) from Liu, Du et al. 2020.	Gene annotations for Glycine max accession HeiHeNo_43 (SoyC13) from Liu, Du et al. 2020.	3847	Genome assembly for Glycine max accession HeiHeNo_43 (SoyC13) from Liu, Du et al. 2020. The 26 accessions were sequenced individually using single-molecule real-time (SMRT) sequencing with an average coverage depth of 96X, optical mapping with an average coverage depth of 277X, chromosome conformation capture (Hi-C) sequencing with an average coverage depth of 136X, and Illumina sequencing (HiSeq) with an average coverage depth of 68X.	Gene annotations for Glycine max accession HeiHeNo_43 (SoyC13) from Liu, Du et al. 2020. Annotations of the protein-coding and small RNA genes employed Augustus trained by FGENESH, transcript support based on RNA samples from roots, stems, leaves, flowers, and seeds at different developmental stages;and integration of ab initio and evidence-based results with MAKER.						"2020-04-08"	"2022-12-09"	"2022-12-12"	Yucheng Liu, Huilong Du, Haikuan Zhang, Yanting Shen, Hua Peng, Shulin Liu, Guo-An Zhou, Miao Shi, Pengcheng Li, Xuehui Huang, Yan Li, Min Zhang, Zheng Wang, Baoge Zhu, Bin Han, Chengzhi Liang, Zhixi Tian	10.1016/j.cell.2020.05.023	"Liu Y, Du H, Li P, Shen Y, Peng H, Liu S, Zhou GA, Zhang H, Liu Z, Shi M, Huang X, Li Y, Zhang M, Wang Z, Zhu B, Han B, Liang C, Tian Z. Pan-Genome of Wild and Cultivated Soybeans. Cell. 2020 Jul 9;182(1):162-176.e13. doi: 10.1016/j.cell.2020.05.023. Epub 2020 Jun 17. PMID: 32553274."	"Pan-Genome of Wild and Cultivated Soybeans"	Andrew Farmer, Steven Cannon	public	open	"soybean, pangenome"	xxx	feature.gz	feature.tsv	Table of original feature IDs and coordinates	xxx	genome_modID.fasta.gz	genome_main.fna	Primary genome assembly	xxx	CDS.fna.gz	cds.fna	CDS sequences	CDS_primary.fna.gz	cds_primary.fna	CDS sequences - primary only	xxx	protein.faa.gz	protein.faa	Protein sequences	protein_primary.faa.gz	protein_primary.faa	Protein sequences - primary only	xxx	modID.gff3.gz	gene_models_main.gff3	Gene models - main
config_glyma.KeShanNo_1.gnm1.ann1.yml	xxx	/usr/local/www/data/private/Glycine/liu_et_al_2020_pangenome/max	SoyC14_asm_GWHACEX00000000	SoyC14_asm_GWHACEX00000000	xxx	GWHACEX00000000.	GWHACEX00000000.	xxx	Glycine	max	glyma	KeShanNo_1	gnm1	ann1	3TDD	2YX4	xxx	"The files in this directory originated from the Genome Warehouse of the China National Center for Bioinformation, https://ngdc.cncb.ac.cn/gwh. The Genome Warehouse repository is considered the primary repository and authoritative; files in this present directory are derived, and may have changes, as noted below. The files here are held as part of the LegumeInfo and SoyBase projects, and are made available here for the purpose of reproducibility of analyses at these sites (e.g. gene family alignments and phylogenies, genome browsers, etc.) and for further use by researchers, as that research extends other analyses at the LegumeInfo and SoyBase projects. If you are conducting research on large-scale data sets for this species, please consider retrieving the data from the primary repositories. If you use the data in the present directory, please respect any usage restrictions in the present and original repositories, and cite the data appropriately."	https://ngdc.cncb.ac.cn/gwh/Genome/43/show	Genome assembly for Glycine max accession KeShanNo_1 (SoyC14) from Liu, Du et al. 2020.	Gene annotations for Glycine max accession KeShanNo_1 (SoyC14) from Liu, Du et al. 2020.	3847	Genome assembly for Glycine max accession KeShanNo_1 (SoyC14) from Liu, Du et al. 2020. The 26 accessions were sequenced individually using single-molecule real-time (SMRT) sequencing with an average coverage depth of 96X, optical mapping with an average coverage depth of 277X, chromosome conformation capture (Hi-C) sequencing with an average coverage depth of 136X, and Illumina sequencing (HiSeq) with an average coverage depth of 68X.	Gene annotations for Glycine max accession KeShanNo_1 (SoyC14) from Liu, Du et al. 2020. Annotations of the protein-coding and small RNA genes employed Augustus trained by FGENESH, transcript support based on RNA samples from roots, stems, leaves, flowers, and seeds at different developmental stages;and integration of ab initio and evidence-based results with MAKER.						"2020-04-08"	"2022-12-09"	"2022-12-12"	Yucheng Liu, Huilong Du, Haikuan Zhang, Yanting Shen, Hua Peng, Shulin Liu, Guo-An Zhou, Miao Shi, Pengcheng Li, Xuehui Huang, Yan Li, Min Zhang, Zheng Wang, Baoge Zhu, Bin Han, Chengzhi Liang, Zhixi Tian	10.1016/j.cell.2020.05.023	"Liu Y, Du H, Li P, Shen Y, Peng H, Liu S, Zhou GA, Zhang H, Liu Z, Shi M, Huang X, Li Y, Zhang M, Wang Z, Zhu B, Han B, Liang C, Tian Z. Pan-Genome of Wild and Cultivated Soybeans. Cell. 2020 Jul 9;182(1):162-176.e13. doi: 10.1016/j.cell.2020.05.023. Epub 2020 Jun 17. PMID: 32553274."	"Pan-Genome of Wild and Cultivated Soybeans"	Andrew Farmer, Steven Cannon	public	open	"soybean, pangenome"	xxx	feature.gz	feature.tsv	Table of original feature IDs and coordinates	xxx	genome_modID.fasta.gz	genome_main.fna	Primary genome assembly	xxx	CDS.fna.gz	cds.fna	CDS sequences	CDS_primary.fna.gz	cds_primary.fna	CDS sequences - primary only	xxx	protein.faa.gz	protein.faa	Protein sequences	protein_primary.faa.gz	protein_primary.faa	Protein sequences - primary only	xxx	modID.gff3.gz	gene_models_main.gff3	Gene models - main
